"Year","Flow","Country","Country ID","Trade value (USD)"
"2023","Export","Algeria","afdza","420512834"
"2023","Export","Egypt","afegy","927866692"
"2023","Export","Libya","aflby","218209113"
"2023","Export","Morocco","afmar","1228006944"
"2023","Export","Sudan","afsdn","44240107"
"2023","Export","Tunisia","aftun","227583374"
"2023","Export","Burundi","afbdi","134385"
"2023","Export","Comoros","afcom","72830"
"2023","Export","Djibouti","afdji","84572415"
"2023","Export","Ethiopia","afeth","23432885"
"2023","Export","Kenya","afken","5561683"
"2023","Export","Madagascar","afmdg","5399159"
"2023","Export","Mozambique","afmoz","1372447"
"2023","Export","Mauritius","afmus","4447335"
"2023","Export","Malawi","afmwi","183110"
"2023","Export","Rwanda","afrwa","118850"
"2023","Export","Somalia","afsom","694507"
"2023","Export","South Sudan","afssd","72154"
"2023","Export","Seychelles","afsyc","5810"
"2023","Export","Tanzania","aftza","6219404"
"2023","Export","Uganda","afuga","2697894"
"2023","Export","Angola","afago","19137736"
"2023","Export","Central African Republic","afcaf","376941"
"2023","Export","Cameroon","afcmr","1792812"
"2023","Export","Democratic Republic of the Congo","afcod","999684"
"2023","Export","Republic of the Congo","afcog","9218949"
"2023","Export","Gabon","afgab","21556369"
"2023","Export","Equatorial Guinea","afgnq","728892"
"2023","Export","Sao Tome and Principe","afstp","3219"
"2023","Export","Chad","aftcd","855514"
"2023","Export","Botswana","afbwa","3041944"
"2023","Export","Lesotho","aflso","154"
"2023","Export","Namibia","afnam","1664472"
"2023","Export","Eswatini","afswz","100140"
"2023","Export","South Africa","afzaf","207447265"
"2023","Export","Zambia","afzmb","611968"
"2023","Export","Zimbabwe","afzwe","1222349"
"2023","Export","Benin","afben","1466444"
"2023","Export","Burkina Faso","afbfa","2262362"
"2023","Export","Cote d'Ivoire","afciv","19255572"
"2023","Export","Cape Verde","afcpv","1840841"
"2023","Export","Ghana","afgha","19126367"
"2023","Export","Guinea","afgin","3219337"
"2023","Export","Gambia","afgmb","340022"
"2023","Export","Guinea-Bissau","afgnb","23666"
"2023","Export","Liberia","aflbr","1039158"
"2023","Export","Mali","afmli","472762"
"2023","Export","Mauritania","afmrt","52936143"
"2023","Export","Niger","afner","633149"
"2023","Export","Nigeria","afnga","34428918"
"2023","Export","Senegal","afsen","12929805"
"2023","Export","Sierra Leone","afsle","1221497"
"2023","Export","Togo","aftgo","1951100"
"2023","Export","Kazakhstan","askaz","154647704"
"2023","Export","Kyrgyzstan","askgz","12002872"
"2023","Export","Tajikistan","astjk","2840665"
"2023","Export","Turkmenistan","astkm","2818402"
"2023","Export","Uzbekistan","asuzb","32114933"
"2023","Export","China","aschn","1844307380"
"2023","Export","Hong Kong","ashkg","52168655"
"2023","Export","Japan","asjpn","1228607121"
"2023","Export","South Korea","askor","580172957"
"2023","Export","Macau","asmac","16057171"
"2023","Export","Mongolia","asmng","2354265"
"2023","Export","Chinese Taipei","astwn","141897901"
"2023","Export","Brunei","asbrn","1715438"
"2023","Export","Cocos (Keeling) Islands","ascck","18004"
"2023","Export","Indonesia","asidn","61365413"
"2023","Export","Cambodia","askhm","3018083"
"2023","Export","Laos","aslao","21441"
"2023","Export","Burma","asmmr","6370439"
"2023","Export","Malaysia","asmys","135329445"
"2023","Export","Philippines","asphl","40742087"
"2023","Export","Singapore","assgp","233566107"
"2023","Export","Thailand","astha","178623141"
"2023","Export","Vietnam","asvnm","111080940"
"2023","Export","Afghanistan","asafg","571212"
"2023","Export","Bangladesh","asbgd","109304030"
"2023","Export","India","asind","554714931"
"2023","Export","Iran","asirn","197903119"
"2023","Export","Sri Lanka","aslka","154486865"
"2023","Export","Maldives","asmdv","891487"
"2023","Export","Nepal","asnpl","10713185"
"2023","Export","Pakistan","aspak","244903353"
"2023","Export","United Arab Emirates","asare","641295795"
"2023","Export","Armenia","asarm","29981406"
"2023","Export","Azerbaijan","asaze","42592641"
"2023","Export","Bahrain","asbhr","17688061"
"2023","Export","Georgia","asgeo","222656272"
"2023","Export","Iraq","asirq","87371370"
"2023","Export","Israel","asisr","512738637"
"2023","Export","Jordan","asjor","490202313"
"2023","Export","Kuwait","askwt","93321838"
"2023","Export","Lebanon","aslbn","133685650"
"2023","Export","Oman","asomn","29874813"
"2023","Export","Palestine","aspse","3907923"
"2023","Export","Qatar","asqat","133497589"
"2023","Export","Saudi Arabia","assau","1052719784"
"2023","Export","Syria","assyr","4316195"
"2023","Export","Turkey","astur","3730724039"
"2023","Export","Yemen","asyem","32946064"
"2023","Export","British Indian Ocean Territory","asiot","1321"
"2023","Export","Cyprus","ascyp","193828982"
"2023","Export","Bulgaria","eubgr","4079316775"
"2023","Export","Belarus","eublr","24288496"
"2023","Export","Czechia","eucze","3290179456"
"2023","Export","Hungary","euhun","4418561399"
"2023","Export","Moldova","eumda","1519453718"
"2023","Export","Poland","eupol","3548090988"
"2023","Export","Russia","eurus","255464120"
"2023","Export","Slovakia","eusvk","2204301570"
"2023","Export","Ukraine","euukr","1535893248"
"2023","Export","Denmark","eudnk","405441687"
"2023","Export","Estonia","euest","79916170"
"2023","Export","Finland","eufin","289175234"
"2023","Export","United Kingdom","eugbr","4929101755"
"2023","Export","Ireland","euirl","230987527"
"2023","Export","Iceland","euisl","37428412"
"2023","Export","Lithuania","eultu","188634961"
"2023","Export","Latvia","eulva","84008687"
"2023","Export","Norway","eunor","591937451"
"2023","Export","Sweden","euswe","713312782"
"2023","Export","Albania","eualb","103067255"
"2023","Export","Andorra","euand","6269659"
"2023","Export","Bosnia and Herzegovina","eubih","153803921"
"2023","Export","Spain","euesp","3254643606"
"2023","Export","Gibraltar","eugib","140123624"
"2023","Export","Greece","eugrc","1094511666"
"2023","Export","Croatia","euhrv","563908089"
"2023","Export","Italy","euita","10261301538"
"2023","Export","North Macedonia","eumkd","222872392"
"2023","Export","Malta","eumlt","36809359"
"2023","Export","Montenegro","eumne","45870389"
"2023","Export","Portugal","euprt","571712685"
"2023","Export","San Marino","eusmr","17853564"
"2023","Export","Serbia","eusrb","1289624094"
"2023","Export","Slovenia","eusvn","491126100"
"2023","Export","Austria","euaut","2451641500"
"2023","Export","Belgium","eubel","2249767724"
"2023","Export","Switzerland","euche","1217664723"
"2023","Export","Germany","eudeu","20384180694"
"2023","Export","France","eufra","6362297598"
"2023","Export","Luxembourg","eulux","48618637"
"2023","Export","Netherlands","eunld","3058795567"
"2023","Export","Aruba","naabw","32642"
"2023","Export","Antigua and Barbuda","naatg","463231"
"2023","Export","Bahamas","nabhs","425337"
"2023","Export","Saint Barthélemy","nablm","2239"
"2023","Export","Barbados","nabrb","202039"
"2023","Export","Cuba","nacub","117642"
"2023","Export","Curaçao","nacuw","339519"
"2023","Export","Cayman Islands","nacym","1613"
"2023","Export","Dominica","nadma","28708"
"2023","Export","Dominican Republic","nadom","9796481"
"2023","Export","Haiti","nahti","32449"
"2023","Export","Jamaica","najam","1444929"
"2023","Export","Saint Kitts and Nevis","nakna","11434"
"2023","Export","Saint Lucia","nalca","377415"
"2023","Export","Saint Martin","namaf","59407"
"2023","Export","Montserrat","namsr","247502"
"2023","Export","Turks and Caicos Islands","natca","3222"
"2023","Export","Trinidad and Tobago","natto","321965"
"2023","Export","Saint Vincent and the Grenadines","navct","19114"
"2023","Export","British Virgin Islands","navgb","183895"
"2023","Export","Belize","nablz","130166"
"2023","Export","Costa Rica","nacri","5825633"
"2023","Export","Guatemala","nagtm","6665230"
"2023","Export","Honduras","nahnd","3276962"
"2023","Export","Mexico","namex","428869231"
"2023","Export","Nicaragua","nanic","1006199"
"2023","Export","Panama","napan","1636216"
"2023","Export","El Salvador","naslv","1783472"
"2023","Export","Bermuda","nabmu","8870"
"2023","Export","Canada","nacan","574501788"
"2023","Export","Greenland","nagrl","15541"
"2023","Export","Saint Pierre and Miquelon","naspm","87336"
"2023","Export","United States","nausa","3795987429"
"2023","Export","Australia","ocaus","228379847"
"2023","Export","New Zealand","ocnzl","77798552"
"2023","Export","Fiji","ocfji","12197"
"2023","Export","New Caledonia","ocncl","7149985"
"2023","Export","Papua New Guinea","ocpng","179132"
"2023","Export","Guam","ocgum","9666"
"2023","Export","Kiribati","ockir","45"
"2023","Export","Marshall Islands","ocmhl","6422"
"2023","Export","Northern Mariana Islands","ocmnp","3219"
"2023","Export","French Polynesia","ocpyf","3799614"
"2023","Export","Argentina","saarg","113924286"
"2023","Export","Bolivia","sabol","3652831"
"2023","Export","Brazil","sabra","353440035"
"2023","Export","Chile","sachl","28777691"
"2023","Export","Colombia","sacol","97543133"
"2023","Export","Ecuador","saecu","10354669"
"2023","Export","Guyana","saguy","283770"
"2023","Export","Peru","saper","22915414"
"2023","Export","Paraguay","sapry","6065109"
"2023","Export","Suriname","sasur","49472"
"2023","Export","Uruguay","saury","28938761"
"2023","Export","Venezuela","saven","686248"
"2023","Import","Algeria","afdza","109445392"
"2023","Import","Egypt","afegy","632157302"
"2023","Import","Libya","aflby","657425214"
"2023","Import","Morocco","afmar","591805852"
"2023","Import","Sudan","afsdn","1260"
"2023","Import","Tunisia","aftun","114386085"
"2023","Import","Burundi","afbdi","45"
"2023","Import","Comoros","afcom","265"
"2023","Import","Djibouti","afdji","19"
"2023","Import","Ethiopia","afeth","1909864"
"2023","Import","Kenya","afken","5833761"
"2023","Import","Madagascar","afmdg","1611463"
"2023","Import","Mozambique","afmoz","4685421"
"2023","Import","Mauritius","afmus","2452034"
"2023","Import","Malawi","afmwi","2892244"
"2023","Import","Rwanda","afrwa","159959"
"2023","Import","Somalia","afsom","3726"
"2023","Import","Seychelles","afsyc","814498"
"2023","Import","Tanzania","aftza","5653710"
"2023","Import","Uganda","afuga","9012556"
"2023","Import","Angola","afago","679943"
"2023","Import","Central African Republic","afcaf","164"
"2023","Import","Cameroon","afcmr","1297547"
"2023","Import","Democratic Republic of the Congo","afcod","244630"
"2023","Import","Republic of the Congo","afcog","79181958"
"2023","Import","Gabon","afgab","3761369"
"2023","Import","Equatorial Guinea","afgnq","1948874"
"2023","Import","Sao Tome and Principe","afstp","5436"
"2023","Import","Botswana","afbwa","1562"
"2023","Import","Namibia","afnam","1455102"
"2023","Import","Eswatini","afswz","2154021"
"2023","Import","South Africa","afzaf","155860800"
"2023","Import","Zambia","afzmb","1381274"
"2023","Import","Zimbabwe","afzwe","10456823"
"2023","Import","Benin","afben","342665"
"2023","Import","Burkina Faso","afbfa","13836"
"2023","Import","Cote d'Ivoire","afciv","13287006"
"2023","Import","Cape Verde","afcpv","211"
"2023","Import","Ghana","afgha","2147722"
"2023","Import","Guinea","afgin","1336084"
"2023","Import","Gambia","afgmb","204"
"2023","Import","Guinea-Bissau","afgnb","397"
"2023","Import","Liberia","aflbr","1316251"
"2023","Import","Mali","afmli","2966"
"2023","Import","Mauritania","afmrt","10218701"
"2023","Import","Niger","afner","81229"
"2023","Import","Nigeria","afnga","10712465"
"2023","Import","Senegal","afsen","241034"
"2023","Import","Saint Helena","afshn","69294"
"2023","Import","Sierra Leone","afsle","89745"
"2023","Import","Togo","aftgo","1378"
"2023","Import","Kazakhstan","askaz","2786588988"
"2023","Import","Kyrgyzstan","askgz","14857806"
"2023","Import","Tajikistan","astjk","243845"
"2023","Import","Turkmenistan","astkm","72609896"
"2023","Import","Uzbekistan","asuzb","37439330"
"2023","Import","China","aschn","7540656939"
"2023","Import","Hong Kong","ashkg","34462310"
"2023","Import","Japan","asjpn","439262049"
"2023","Import","South Korea","askor","621136421"
"2023","Import","Macau","asmac","55018"
"2023","Import","Mongolia","asmng","19902"
"2023","Import","North Korea","asprk","2862"
"2023","Import","Chinese Taipei","astwn","445876458"
"2023","Import","Brunei","asbrn","29005"
"2023","Import","Cocos (Keeling) Islands","ascck","8172"
"2023","Import","Indonesia","asidn","179152990"
"2023","Import","Cambodia","askhm","7843623"
"2023","Import","Laos","aslao","22960724"
"2023","Import","Burma","asmmr","22928746"
"2023","Import","Malaysia","asmys","208117482"
"2023","Import","Philippines","asphl","46916272"
"2023","Import","Singapore","assgp","63595069"
"2023","Import","Thailand","astha","323978334"
"2023","Import","Vietnam","asvnm","277257462"
"2023","Import","Afghanistan","asafg","105633"
"2023","Import","Bangladesh","asbgd","104042497"
"2023","Import","India","asind","1473546026"
"2023","Import","Iran","asirn","64444879"
"2023","Import","Sri Lanka","aslka","16160401"
"2023","Import","Maldives","asmdv","415"
"2023","Import","Nepal","asnpl","785308"
"2023","Import","Pakistan","aspak","52735242"
"2023","Import","United Arab Emirates","asare","128547772"
"2023","Import","Armenia","asarm","6678812"
"2023","Import","Azerbaijan","asaze","603603117"
"2023","Import","Bahrain","asbhr","10094209"
"2023","Import","Georgia","asgeo","22855717"
"2023","Import","Iraq","asirq","185137344"
"2023","Import","Israel","asisr","403332706"
"2023","Import","Jordan","asjor","24010813"
"2023","Import","Kuwait","askwt","60005283"
"2023","Import","Lebanon","aslbn","12769580"
"2023","Import","Oman","asomn","90702071"
"2023","Import","Palestine","aspse","56506"
"2023","Import","Qatar","asqat","9966894"
"2023","Import","Saudi Arabia","assau","241294114"
"2023","Import","Syria","assyr","3860990"
"2023","Import","Turkey","astur","6598423110"
"2023","Import","Cyprus","ascyp","110632730"
"2023","Import","Bulgaria","eubgr","5607686266"
"2023","Import","Belarus","eublr","22040779"
"2023","Import","Czechia","eucze","3948665711"
"2023","Import","Hungary","euhun","8486575388"
"2023","Import","Moldova","eumda","1509496493"
"2023","Import","Poland","eupol","8297085556"
"2023","Import","Russia","eurus","349097993"
"2023","Import","Slovakia","eusvk","2646225627"
"2023","Import","Ukraine","euukr","3694296339"
"2023","Import","Denmark","eudnk","723134680"
"2023","Import","Estonia","euest","100898037"
"2023","Import","Finland","eufin","309548383"
"2023","Import","United Kingdom","eugbr","1254282580"
"2023","Import","Ireland","euirl","694641500"
"2023","Import","Iceland","euisl","1686850"
"2023","Import","Lithuania","eultu","301116964"
"2023","Import","Latvia","eulva","69789165"
"2023","Import","Norway","eunor","390386989"
"2023","Import","Sweden","euswe","786842740"
"2023","Import","Albania","eualb","37737279"
"2023","Import","Andorra","euand","134120"
"2023","Import","Bosnia and Herzegovina","eubih","103776163"
"2023","Import","Spain","euesp","3649841572"
"2023","Import","Gibraltar","eugib","1992691"
"2023","Import","Greece","eugrc","2105364540"
"2023","Import","Croatia","euhrv","378204097"
"2023","Import","Italy","euita","11336853816"
"2023","Import","North Macedonia","eumkd","151056638"
"2023","Import","Malta","eumlt","58520064"
"2023","Import","Montenegro","eumne","999422"
"2023","Import","Portugal","euprt","664509908"
"2023","Import","San Marino","eusmr","18414745"
"2023","Import","Serbia","eusrb","1575965906"
"2023","Import","Slovenia","eusvn","1189338962"
"2023","Import","Austria","euaut","4618846555"
"2023","Import","Belgium","eubel","3277642943"
"2023","Import","Switzerland","euche","1390384180"
"2023","Import","Germany","eudeu","24724135770"
"2023","Import","France","eufra","5646832849"
"2023","Import","Luxembourg","eulux","141938439"
"2023","Import","Netherlands","eunld","5592260377"
"2023","Import","Aruba","naabw","221"
"2023","Import","Anguilla","naaia","3056"
"2023","Import","Antigua and Barbuda","naatg","56831"
"2023","Import","Bahamas","nabhs","127989"
"2023","Import","Saint Barthélemy","nablm","1094"
"2023","Import","Barbados","nabrb","8264"
"2023","Import","Cuba","nacub","394614"
"2023","Import","Curaçao","nacuw","7457"
"2023","Import","Dominica","nadma","225"
"2023","Import","Dominican Republic","nadom","989127"
"2023","Import","Haiti","nahti","12586"
"2023","Import","Jamaica","najam","3515"
"2023","Import","Saint Kitts and Nevis","nakna","4076"
"2023","Import","Saint Martin","namaf","35667"
"2023","Import","Montserrat","namsr","28616"
"2023","Import","Turks and Caicos Islands","natca","1801"
"2023","Import","Trinidad and Tobago","natto","14319587"
"2023","Import","British Virgin Islands","navgb","5"
"2023","Import","Belize","nablz","42418"
"2023","Import","Costa Rica","nacri","3862359"
"2023","Import","Guatemala","nagtm","5903464"
"2023","Import","Honduras","nahnd","20429617"
"2023","Import","Mexico","namex","164335064"
"2023","Import","Nicaragua","nanic","7553243"
"2023","Import","Panama","napan","83901"
"2023","Import","El Salvador","naslv","614890"
"2023","Import","Bermuda","nabmu","771"
"2023","Import","Canada","nacan","111721819"
"2023","Import","Greenland","nagrl","1466"
"2023","Import","United States","nausa","1374564129"
"2023","Import","Australia","ocaus","20397066"
"2023","Import","New Zealand","ocnzl","14730904"
"2023","Import","Fiji","ocfji","877"
"2023","Import","New Caledonia","ocncl","2022"
"2023","Import","Papua New Guinea","ocpng","42917"
"2023","Import","Vanuatu","ocvut","121"
"2023","Import","Micronesia","ocfsm","13228"
"2023","Import","Guam","ocgum","1517"
"2023","Import","Marshall Islands","ocmhl","14"
"2023","Import","Nauru","ocnru","6052"
"2023","Import","French Polynesia","ocpyf","3846"
"2023","Import","Tokelau","octkl","12679"
"2023","Import","Wallis and Futuna","ocwlf","86"
"2023","Import","Samoa","ocwsm","69258"
"2023","Import","Argentina","saarg","58308642"
"2023","Import","Bolivia","sabol","302027"
"2023","Import","Brazil","sabra","418762669"
"2023","Import","Chile","sachl","13325901"
"2023","Import","Colombia","sacol","15829317"
"2023","Import","Ecuador","saecu","18068956"
"2023","Import","Falkland Islands","saflk","3"
"2023","Import","Guyana","saguy","172791253"
"2023","Import","Peru","saper","4403974"
"2023","Import","Paraguay","sapry","509606"
"2023","Import","Suriname","sasur","6374"
"2023","Import","Uruguay","saury","10863469"
"2023","Import","Venezuela","saven","12842468"
"2022","Export","Algeria","afdza","425000000"
"2022","Export","Egypt","afegy","1360000000"
"2022","Export","Libya","aflby","156000000"
"2022","Export","Morocco","afmar","1020000000"
"2022","Export","Sudan","afsdn","119000000"
"2022","Export","Tunisia","aftun","355000000"
"2022","Export","Burundi","afbdi","85648"
"2022","Export","Djibouti","afdji","1161341"
"2022","Export","Ethiopia","afeth","51689563"
"2022","Export","Kenya","afken","16723190"
"2022","Export","Madagascar","afmdg","5984138"
"2022","Export","Mozambique","afmoz","5838171"
"2022","Export","Mauritius","afmus","3640873"
"2022","Export","Malawi","afmwi","623464"
"2022","Export","Rwanda","afrwa","126307"
"2022","Export","Somalia","afsom","122898"
"2022","Export","South Sudan","afssd","581698"
"2022","Export","Seychelles","afsyc","186429"
"2022","Export","Tanzania","aftza","2818214"
"2022","Export","Uganda","afuga","9211641"
"2022","Export","Angola","afago","15742427"
"2022","Export","Central African Republic","afcaf","368654"
"2022","Export","Cameroon","afcmr","2845320"
"2022","Export","Democratic Republic of the Congo","afcod","173753"
"2022","Export","Republic of the Congo","afcog","5598991"
"2022","Export","Gabon","afgab","7084757"
"2022","Export","Equatorial Guinea","afgnq","858485"
"2022","Export","Chad","aftcd","590457"
"2022","Export","Botswana","afbwa","4349355"
"2022","Export","Lesotho","aflso","10011"
"2022","Export","Namibia","afnam","1414237"
"2022","Export","Eswatini","afswz","97100"
"2022","Export","South Africa","afzaf","269000000"
"2022","Export","Zambia","afzmb","735697"
"2022","Export","Zimbabwe","afzwe","14115"
"2022","Export","Benin","afben","1241182"
"2022","Export","Burkina Faso","afbfa","4208644"
"2022","Export","Cote d'Ivoire","afciv","20591883"
"2022","Export","Cape Verde","afcpv","1771293"
"2022","Export","Ghana","afgha","6330169"
"2022","Export","Guinea","afgin","1024906"
"2022","Export","Gambia","afgmb","61165"
"2022","Export","Guinea-Bissau","afgnb","16604"
"2022","Export","Liberia","aflbr","45599941"
"2022","Export","Mali","afmli","1689325"
"2022","Export","Mauritania","afmrt","928370"
"2022","Export","Niger","afner","624242"
"2022","Export","Nigeria","afnga","35839955"
"2022","Export","Senegal","afsen","10885091"
"2022","Export","Sierra Leone","afsle","509863"
"2022","Export","Togo","aftgo","1250113"
"2022","Export","Kazakhstan","askaz","70468152"
"2022","Export","Kyrgyzstan","askgz","6395501"
"2022","Export","Tajikistan","astjk","2349976"
"2022","Export","Turkmenistan","astkm","4701326"
"2022","Export","Uzbekistan","asuzb","47619157"
"2022","Export","China","aschn","2100000000"
"2022","Export","Hong Kong","ashkg","69112619"
"2022","Export","Japan","asjpn","1080000000"
"2022","Export","South Korea","askor","744000000"
"2022","Export","Macau","asmac","11324116"
"2022","Export","Mongolia","asmng","8764792"
"2022","Export","Chinese Taipei","astwn","138000000"
"2022","Export","Brunei","asbrn","1084978"
"2022","Export","Cocos (Keeling) Islands","ascck","5491"
"2022","Export","Indonesia","asidn","39839385"
"2022","Export","Cambodia","askhm","6390762"
"2022","Export","Laos","aslao","994432"
"2022","Export","Burma","asmmr","2158644"
"2022","Export","Malaysia","asmys","174000000"
"2022","Export","Philippines","asphl","20779063"
"2022","Export","Singapore","assgp","225000000"
"2022","Export","Thailand","astha","109000000"
"2022","Export","Timor-Leste","astls","21216"
"2022","Export","Vietnam","asvnm","92944811"
"2022","Export","Afghanistan","asafg","518067"
"2022","Export","Bangladesh","asbgd","17955731"
"2022","Export","India","asind","415000000"
"2022","Export","Iran","asirn","252000000"
"2022","Export","Sri Lanka","aslka","49613530"
"2022","Export","Maldives","asmdv","974771"
"2022","Export","Nepal","asnpl","647758"
"2022","Export","Pakistan","aspak","384000000"
"2022","Export","United Arab Emirates","asare","622000000"
"2022","Export","Armenia","asarm","28668263"
"2022","Export","Azerbaijan","asaze","52142048"
"2022","Export","Bahrain","asbhr","19959864"
"2022","Export","Georgia","asgeo","302000000"
"2022","Export","Iraq","asirq","52042339"
"2022","Export","Israel","asisr","562000000"
"2022","Export","Jordan","asjor","1150000000"
"2022","Export","Kuwait","askwt","80838946"
"2022","Export","Lebanon","aslbn","234000000"
"2022","Export","Oman","asomn","32502215"
"2022","Export","Palestine","aspse","5301244"
"2022","Export","Qatar","asqat","138000000"
"2022","Export","Saudi Arabia","assau","441000000"
"2022","Export","Syria","assyr","9749559"
"2022","Export","Turkey","astur","3360000000"
"2022","Export","Yemen","asyem","55566109"
"2022","Export","British Indian Ocean Territory","asiot","34502"
"2022","Export","Cyprus","ascyp","160000000"
"2022","Export","Bulgaria","eubgr","3840000000"
"2022","Export","Belarus","eublr","36132053"
"2022","Export","Czechia","eucze","2860000000"
"2022","Export","Hungary","euhun","6430000000"
"2022","Export","Moldova","eumda","1830000000"
"2022","Export","Poland","eupol","3580000000"
"2022","Export","Russia","eurus","433000000"
"2022","Export","Slovakia","eusvk","1900000000"
"2022","Export","Ukraine","euukr","1550000000"
"2022","Export","Denmark","eudnk","409000000"
"2022","Export","Estonia","euest","114000000"
"2022","Export","Finland","eufin","344000000"
"2022","Export","United Kingdom","eugbr","4340000000"
"2022","Export","Ireland","euirl","187000000"
"2022","Export","Iceland","euisl","24947838"
"2022","Export","Lithuania","eultu","199000000"
"2022","Export","Latvia","eulva","74169180"
"2022","Export","Norway","eunor","791000000"
"2022","Export","Sweden","euswe","708000000"
"2022","Export","Albania","eualb","142000000"
"2022","Export","Andorra","euand","3618635"
"2022","Export","Bosnia and Herzegovina","eubih","161000000"
"2022","Export","Spain","euesp","2990000000"
"2022","Export","Gibraltar","eugib","244000000"
"2022","Export","Greece","eugrc","1060000000"
"2022","Export","Croatia","euhrv","491000000"
"2022","Export","Italy","euita","9610000000"
"2022","Export","North Macedonia","eumkd","270000000"
"2022","Export","Malta","eumlt","19666704"
"2022","Export","Montenegro","eumne","37699174"
"2022","Export","Portugal","euprt","480000000"
"2022","Export","San Marino","eusmr","16424577"
"2022","Export","Serbia","eusrb","1290000000"
"2022","Export","Slovenia","eusvn","666000000"
"2022","Export","Austria","euaut","2660000000"
"2022","Export","Belgium","eubel","1930000000"
"2022","Export","Switzerland","euche","1030000000"
"2022","Export","Germany","eudeu","18500000000"
"2022","Export","France","eufra","5780000000"
"2022","Export","Luxembourg","eulux","40913641"
"2022","Export","Netherlands","eunld","3010000000"
"2022","Export","Aruba","naabw","8999"
"2022","Export","Antigua and Barbuda","naatg","5061"
"2022","Export","Bonaire","nabes","16698"
"2022","Export","Bahamas","nabhs","519118"
"2022","Export","Saint Barthélemy","nablm","576"
"2022","Export","Barbados","nabrb","5393"
"2022","Export","Cuba","nacub","944016"
"2022","Export","Curaçao","nacuw","114683"
"2022","Export","Cayman Islands","nacym","210"
"2022","Export","Dominica","nadma","5555"
"2022","Export","Dominican Republic","nadom","10453633"
"2022","Export","Haiti","nahti","63958"
"2022","Export","Jamaica","najam","512510"
"2022","Export","Saint Lucia","nalca","64822"
"2022","Export","Montserrat","namsr","544716"
"2022","Export","Turks and Caicos Islands","natca","412"
"2022","Export","Trinidad and Tobago","natto","1455066"
"2022","Export","British Virgin Islands","navgb","541749"
"2022","Export","Belize","nablz","77005"
"2022","Export","Costa Rica","nacri","4959822"
"2022","Export","Guatemala","nagtm","6543513"
"2022","Export","Honduras","nahnd","1209152"
"2022","Export","Mexico","namex","369000000"
"2022","Export","Nicaragua","nanic","1494519"
"2022","Export","Panama","napan","4135942"
"2022","Export","El Salvador","naslv","1767048"
"2022","Export","Bermuda","nabmu","70992"
"2022","Export","Canada","nacan","561000000"
"2022","Export","Greenland","nagrl","462"
"2022","Export","Saint Pierre and Miquelon","naspm","150490"
"2022","Export","United States","nausa","3690000000"
"2022","Export","Australia","ocaus","243000000"
"2022","Export","New Zealand","ocnzl","58488495"
"2022","Export","Fiji","ocfji","8735"
"2022","Export","New Caledonia","ocncl","3115774"
"2022","Export","Papua New Guinea","ocpng","3638"
"2022","Export","Guam","ocgum","6248"
"2022","Export","Marshall Islands","ocmhl","533489"
"2022","Export","Northern Mariana Islands","ocmnp","208"
"2022","Export","Palau","ocplw","290"
"2022","Export","French Polynesia","ocpyf","5168867"
"2022","Export","Tonga","octon","8899"
"2022","Export","Samoa","ocwsm","491"
"2022","Export","Argentina","saarg","113000000"
"2022","Export","Bolivia","sabol","7702336"
"2022","Export","Brazil","sabra","357000000"
"2022","Export","Chile","sachl","52511962"
"2022","Export","Colombia","sacol","115000000"
"2022","Export","Ecuador","saecu","25115914"
"2022","Export","Guyana","saguy","284533"
"2022","Export","Peru","saper","27850801"
"2022","Export","Paraguay","sapry","6816468"
"2022","Export","Suriname","sasur","164493"
"2022","Export","Uruguay","saury","17851530"
"2022","Export","Venezuela","saven","120845"
"2022","Import","Algeria","afdza","46367190"
"2022","Import","Egypt","afegy","702000000"
"2022","Import","Libya","aflby","423784"
"2022","Import","Morocco","afmar","485000000"
"2022","Import","Sudan","afsdn","1878"
"2022","Import","Tunisia","aftun","223000000"
"2022","Import","Burundi","afbdi","1514"
"2022","Import","Djibouti","afdji","474281"
"2022","Import","Ethiopia","afeth","514032"
"2022","Import","Kenya","afken","9314661"
"2022","Import","Madagascar","afmdg","2281784"
"2022","Import","Mozambique","afmoz","21110933"
"2022","Import","Mauritius","afmus","1750694"
"2022","Import","Malawi","afmwi","397469"
"2022","Import","Rwanda","afrwa","25301"
"2022","Import","Seychelles","afsyc","4735194"
"2022","Import","Tanzania","aftza","2730467"
"2022","Import","Uganda","afuga","6729795"
"2022","Import","Angola","afago","1182146"
"2022","Import","Cameroon","afcmr","2512335"
"2022","Import","Democratic Republic of the Congo","afcod","593838"
"2022","Import","Republic of the Congo","afcog","481516"
"2022","Import","Gabon","afgab","1392808"
"2022","Import","Botswana","afbwa","203"
"2022","Import","Namibia","afnam","164594"
"2022","Import","Eswatini","afswz","11964369"
"2022","Import","South Africa","afzaf","128000000"
"2022","Import","Zimbabwe","afzwe","5889036"
"2022","Import","Burkina Faso","afbfa","1424"
"2022","Import","Cote d'Ivoire","afciv","23045949"
"2022","Import","Cape Verde","afcpv","12345"
"2022","Import","Ghana","afgha","4342160"
"2022","Import","Guinea","afgin","47313"
"2022","Import","Guinea-Bissau","afgnb","369"
"2022","Import","Liberia","aflbr","4612985"
"2022","Import","Mauritania","afmrt","7161526"
"2022","Import","Niger","afner","2818"
"2022","Import","Nigeria","afnga","4420355"
"2022","Import","Senegal","afsen","319713"
"2022","Import","Saint Helena","afshn","10821"
"2022","Import","Sierra Leone","afsle","12554220"
"2022","Import","Togo","aftgo","6373"
"2022","Import","Kazakhstan","askaz","2430000000"
"2022","Import","Kyrgyzstan","askgz","4522360"
"2022","Import","Tajikistan","astjk","204"
"2022","Import","Turkmenistan","astkm","7587567"
"2022","Import","Uzbekistan","asuzb","10018158"
"2022","Import","China","aschn","7200000000"
"2022","Import","Hong Kong","ashkg","681000000"
"2022","Import","Japan","asjpn","445000000"
"2022","Import","South Korea","askor","573000000"
"2022","Import","Macau","asmac","24104993"
"2022","Import","Mongolia","asmng","18452"
"2022","Import","Chinese Taipei","astwn","392000000"
"2022","Import","Brunei","asbrn","13376"
"2022","Import","Indonesia","asidn","160000000"
"2022","Import","Cambodia","askhm","6567806"
"2022","Import","Laos","aslao","1553"
"2022","Import","Burma","asmmr","21842147"
"2022","Import","Malaysia","asmys","190000000"
"2022","Import","Philippines","asphl","68664343"
"2022","Import","Singapore","assgp","153000000"
"2022","Import","Thailand","astha","305000000"
"2022","Import","Vietnam","asvnm","375000000"
"2022","Import","Bangladesh","asbgd","35837858"
"2022","Import","Bhutan","asbtn","190"
"2022","Import","India","asind","739000000"
"2022","Import","Iran","asirn","77938481"
"2022","Import","Sri Lanka","aslka","14407650"
"2022","Import","Maldives","asmdv","582"
"2022","Import","Nepal","asnpl","883481"
"2022","Import","Pakistan","aspak","70176472"
"2022","Import","United Arab Emirates","asare","219000000"
"2022","Import","Armenia","asarm","234267"
"2022","Import","Azerbaijan","asaze","449000000"
"2022","Import","Bahrain","asbhr","2311956"
"2022","Import","Georgia","asgeo","312000000"
"2022","Import","Iraq","asirq","368588"
"2022","Import","Israel","asisr","200000000"
"2022","Import","Jordan","asjor","105000000"
"2022","Import","Kuwait","askwt","580110"
"2022","Import","Lebanon","aslbn","8013558"
"2022","Import","Oman","asomn","27232953"
"2022","Import","Palestine","aspse","133141"
"2022","Import","Qatar","asqat","12450934"
"2022","Import","Saudi Arabia","assau","50653940"
"2022","Import","Syria","assyr","1585749"
"2022","Import","Turkey","astur","7670000000"
"2022","Import","Cyprus","ascyp","65944398"
"2022","Import","Bulgaria","eubgr","6520000000"
"2022","Import","Belarus","eublr","56303635"
"2022","Import","Czechia","eucze","3640000000"
"2022","Import","Hungary","euhun","8540000000"
"2022","Import","Moldova","eumda","1370000000"
"2022","Import","Poland","eupol","7900000000"
"2022","Import","Russia","eurus","5760000000"
"2022","Import","Slovakia","eusvk","2550000000"
"2022","Import","Ukraine","euukr","3950000000"
"2022","Import","Denmark","eudnk","588000000"
"2022","Import","Estonia","euest","103000000"
"2022","Import","Finland","eufin","278000000"
"2022","Import","United Kingdom","eugbr","1230000000"
"2022","Import","Ireland","euirl","583000000"
"2022","Import","Iceland","euisl","727349"
"2022","Import","Lithuania","eultu","291000000"
"2022","Import","Latvia","eulva","66928486"
"2022","Import","Norway","eunor","210000000"
"2022","Import","Sweden","euswe","733000000"
"2022","Import","Albania","eualb","39195899"
"2022","Import","Andorra","euand","117676"
"2022","Import","Bosnia and Herzegovina","eubih","103000000"
"2022","Import","Spain","euesp","3350000000"
"2022","Import","Gibraltar","eugib","16793"
"2022","Import","Greece","eugrc","1730000000"
"2022","Import","Croatia","euhrv","363000000"
"2022","Import","Italy","euita","10700000000"
"2022","Import","North Macedonia","eumkd","129000000"
"2022","Import","Malta","eumlt","69217372"
"2022","Import","Montenegro","eumne","712287"
"2022","Import","Portugal","euprt","586000000"
"2022","Import","San Marino","eusmr","14956899"
"2022","Import","Serbia","eusrb","1320000000"
"2022","Import","Slovenia","eusvn","1100000000"
"2022","Import","Austria","euaut","4240000000"
"2022","Import","Belgium","eubel","3110000000"
"2022","Import","Switzerland","euche","1660000000"
"2022","Import","Germany","eudeu","22700000000"
"2022","Import","France","eufra","5170000000"
"2022","Import","Luxembourg","eulux","169000000"
"2022","Import","Netherlands","eunld","5110000000"
"2022","Import","Antigua and Barbuda","naatg","1733"
"2022","Import","Bahamas","nabhs","10102"
"2022","Import","Barbados","nabrb","4609"
"2022","Import","Cuba","nacub","19964"
"2022","Import","Curaçao","nacuw","580"
"2022","Import","Cayman Islands","nacym","578"
"2022","Import","Dominican Republic","nadom","1143760"
"2022","Import","Jamaica","najam","434"
"2022","Import","Saint Kitts and Nevis","nakna","299"
"2022","Import","Saint Martin","namaf","8825"
"2022","Import","Montserrat","namsr","30032"
"2022","Import","Trinidad and Tobago","natto","2069528"
"2022","Import","British Virgin Islands","navgb","40690"
"2022","Import","Belize","nablz","4917969"
"2022","Import","Costa Rica","nacri","17334095"
"2022","Import","Guatemala","nagtm","4545083"
"2022","Import","Honduras","nahnd","573355"
"2022","Import","Mexico","namex","85752230"
"2022","Import","Nicaragua","nanic","615471"
"2022","Import","Panama","napan","1063494"
"2022","Import","El Salvador","naslv","220855"
"2022","Import","Bermuda","nabmu","1193"
"2022","Import","Canada","nacan","70918635"
"2022","Import","United States","nausa","1250000000"
"2022","Import","Australia","ocaus","22174266"
"2022","Import","New Zealand","ocnzl","11562854"
"2022","Import","New Caledonia","ocncl","493"
"2022","Import","Papua New Guinea","ocpng","252"
"2022","Import","Marshall Islands","ocmhl","235927"
"2022","Import","American Samoa","ocasm","1286"
"2022","Import","French Polynesia","ocpyf","1228"
"2022","Import","Argentina","saarg","66126402"
"2022","Import","Bolivia","sabol","11496147"
"2022","Import","Brazil","sabra","419000000"
"2022","Import","Chile","sachl","6255416"
"2022","Import","Colombia","sacol","39504886"
"2022","Import","Ecuador","saecu","18357565"
"2022","Import","Guyana","saguy","418970"
"2022","Import","Peru","saper","13799618"
"2022","Import","Paraguay","sapry","72906"
"2022","Import","Suriname","sasur","18115"
"2022","Import","Uruguay","saury","5701308"
"2022","Import","Venezuela","saven","12314615"
"2021","Export","Algeria","afdza","56658627"
"2021","Export","Egypt","afegy","914000000"
"2021","Export","Libya","aflby","100000000"
"2021","Export","Morocco","afmar","810000000"
"2021","Export","Sudan","afsdn","118000000"
"2021","Export","Tunisia","aftun","319000000"
"2021","Export","Burundi","afbdi","83523"
"2021","Export","Comoros","afcom","163873"
"2021","Export","Djibouti","afdji","1197001"
"2021","Export","Eritrea","aferi","10169"
"2021","Export","Ethiopia","afeth","81954130"
"2021","Export","Kenya","afken","26975073"
"2021","Export","Madagascar","afmdg","1804449"
"2021","Export","Mozambique","afmoz","3185419"
"2021","Export","Mauritius","afmus","2554618"
"2021","Export","Malawi","afmwi","1467462"
"2021","Export","Rwanda","afrwa","49154"
"2021","Export","Somalia","afsom","391234"
"2021","Export","South Sudan","afssd","26135"
"2021","Export","Seychelles","afsyc","111786"
"2021","Export","Tanzania","aftza","13174232"
"2021","Export","Uganda","afuga","2434083"
"2021","Export","Angola","afago","10844798"
"2021","Export","Central African Republic","afcaf","95878"
"2021","Export","Cameroon","afcmr","6857756"
"2021","Export","Democratic Republic of the Congo","afcod","224303"
"2021","Export","Republic of the Congo","afcog","2971255"
"2021","Export","Gabon","afgab","6844139"
"2021","Export","Equatorial Guinea","afgnq","92777"
"2021","Export","Chad","aftcd","91697"
"2021","Export","Botswana","afbwa","2862843"
"2021","Export","Lesotho","aflso","920"
"2021","Export","Namibia","afnam","159000000"
"2021","Export","Eswatini","afswz","72860"
"2021","Export","South Africa","afzaf","265000000"
"2021","Export","Zambia","afzmb","605205"
"2021","Export","Zimbabwe","afzwe","20455"
"2021","Export","Benin","afben","520745"
"2021","Export","Burkina Faso","afbfa","3158371"
"2021","Export","Cote d'Ivoire","afciv","18528738"
"2021","Export","Cape Verde","afcpv","1278182"
"2021","Export","Ghana","afgha","7434980"
"2021","Export","Guinea","afgin","321938"
"2021","Export","Gambia","afgmb","285500"
"2021","Export","Guinea-Bissau","afgnb","95606"
"2021","Export","Liberia","aflbr","1041300"
"2021","Export","Mali","afmli","355846"
"2021","Export","Mauritania","afmrt","6495705"
"2021","Export","Niger","afner","2223588"
"2021","Export","Nigeria","afnga","37395524"
"2021","Export","Senegal","afsen","9662874"
"2021","Export","Sierra Leone","afsle","768125"
"2021","Export","Togo","aftgo","1381589"
"2021","Export","Kazakhstan","askaz","40413511"
"2021","Export","Kyrgyzstan","askgz","3288129"
"2021","Export","Tajikistan","astjk","409645"
"2021","Export","Turkmenistan","astkm","1562220"
"2021","Export","Uzbekistan","asuzb","20789453"
"2021","Export","China","aschn","2340000000"
"2021","Export","Hong Kong","ashkg","80632060"
"2021","Export","Japan","asjpn","816000000"
"2021","Export","South Korea","askor","614000000"
"2021","Export","Macau","asmac","11623092"
"2021","Export","Mongolia","asmng","7932113"
"2021","Export","Chinese Taipei","astwn","128000000"
"2021","Export","Brunei","asbrn","734094"
"2021","Export","Cocos (Keeling) Islands","ascck","1825"
"2021","Export","Indonesia","asidn","41366288"
"2021","Export","Cambodia","askhm","5306322"
"2021","Export","Laos","aslao","425878"
"2021","Export","Burma","asmmr","2016056"
"2021","Export","Malaysia","asmys","63656300"
"2021","Export","Philippines","asphl","27429173"
"2021","Export","Singapore","assgp","162000000"
"2021","Export","Thailand","astha","135000000"
"2021","Export","Timor-Leste","astls","563"
"2021","Export","Vietnam","asvnm","145000000"
"2021","Export","Afghanistan","asafg","917787"
"2021","Export","Bangladesh","asbgd","3551607"
"2021","Export","India","asind","303000000"
"2021","Export","Iran","asirn","415000000"
"2021","Export","Sri Lanka","aslka","49862455"
"2021","Export","Maldives","asmdv","284756"
"2021","Export","Nepal","asnpl","681711"
"2021","Export","Pakistan","aspak","83014813"
"2021","Export","United Arab Emirates","asare","476000000"
"2021","Export","Armenia","asarm","20086592"
"2021","Export","Azerbaijan","asaze","101000000"
"2021","Export","Bahrain","asbhr","16671072"
"2021","Export","Georgia","asgeo","187000000"
"2021","Export","Iraq","asirq","147000000"
"2021","Export","Israel","asisr","570000000"
"2021","Export","Jordan","asjor","749000000"
"2021","Export","Kuwait","askwt","93131347"
"2021","Export","Lebanon","aslbn","168000000"
"2021","Export","Oman","asomn","46391130"
"2021","Export","Palestine","aspse","12579851"
"2021","Export","Qatar","asqat","82919194"
"2021","Export","Saudi Arabia","assau","523000000"
"2021","Export","Syria","assyr","18636557"
"2021","Export","Turkey","astur","3420000000"
"2021","Export","Yemen","asyem","16549731"
"2021","Export","British Indian Ocean Territory","asiot","121498"
"2021","Export","Cyprus","ascyp","172000000"
"2021","Export","Bulgaria","eubgr","3370000000"
"2021","Export","Belarus","eublr","56820430"
"2021","Export","Czechia","eucze","2880000000"
"2021","Export","Hungary","euhun","4120000000"
"2021","Export","Moldova","eumda","1100000000"
"2021","Export","Poland","eupol","3520000000"
"2021","Export","Russia","eurus","1550000000"
"2021","Export","Slovakia","eusvk","1900000000"
"2021","Export","Ukraine","euukr","854000000"
"2021","Export","Denmark","eudnk","408000000"
"2021","Export","Estonia","euest","94804740"
"2021","Export","Finland","eufin","355000000"
"2021","Export","United Kingdom","eugbr","2720000000"
"2021","Export","Ireland","euirl","185000000"
"2021","Export","Iceland","euisl","16094939"
"2021","Export","Lithuania","eultu","175000000"
"2021","Export","Latvia","eulva","69197330"
"2021","Export","Norway","eunor","902000000"
"2021","Export","Sweden","euswe","674000000"
"2021","Export","Albania","eualb","72951955"
"2021","Export","Andorra","euand","1758380"
"2021","Export","Bosnia and Herzegovina","eubih","137000000"
"2021","Export","Spain","euesp","2570000000"
"2021","Export","Gibraltar","eugib","180000000"
"2021","Export","Greece","eugrc","1010000000"
"2021","Export","Croatia","euhrv","372000000"
"2021","Export","Italy","euita","8070000000"
"2021","Export","North Macedonia","eumkd","304000000"
"2021","Export","Malta","eumlt","12378535"
"2021","Export","Montenegro","eumne","43419029"
"2021","Export","Portugal","euprt","408000000"
"2021","Export","San Marino","eusmr","18372158"
"2021","Export","Serbia","eusrb","988000000"
"2021","Export","Slovenia","eusvn","613000000"
"2021","Export","Austria","euaut","2530000000"
"2021","Export","Belgium","eubel","1700000000"
"2021","Export","Switzerland","euche","963000000"
"2021","Export","Germany","eudeu","17300000000"
"2021","Export","France","eufra","5120000000"
"2021","Export","Luxembourg","eulux","51029540"
"2021","Export","Netherlands","eunld","2640000000"
"2021","Export","Aruba","naabw","84612"
"2021","Export","Anguilla","naaia","194"
"2021","Export","Antigua and Barbuda","naatg","32972"
"2021","Export","Bahamas","nabhs","96188"
"2021","Export","Saint Barthélemy","nablm","26028"
"2021","Export","Barbados","nabrb","49544"
"2021","Export","Cuba","nacub","672321"
"2021","Export","Curaçao","nacuw","125457"
"2021","Export","Cayman Islands","nacym","3254"
"2021","Export","Dominica","nadma","18167"
"2021","Export","Dominican Republic","nadom","8652168"
"2021","Export","Haiti","nahti","47043"
"2021","Export","Jamaica","najam","97362"
"2021","Export","Saint Lucia","nalca","32718"
"2021","Export","Montserrat","namsr","29210"
"2021","Export","Turks and Caicos Islands","natca","145055"
"2021","Export","Trinidad and Tobago","natto","405352"
"2021","Export","Saint Vincent and the Grenadines","navct","12037"
"2021","Export","British Virgin Islands","navgb","21865"
"2021","Export","Belize","nablz","157857"
"2021","Export","Costa Rica","nacri","4623687"
"2021","Export","Guatemala","nagtm","14843553"
"2021","Export","Honduras","nahnd","4399947"
"2021","Export","Mexico","namex","312000000"
"2021","Export","Nicaragua","nanic","967886"
"2021","Export","Panama","napan","1737599"
"2021","Export","El Salvador","naslv","1237893"
"2021","Export","Bermuda","nabmu","81737"
"2021","Export","Canada","nacan","580000000"
"2021","Export","Saint Pierre and Miquelon","naspm","102966"
"2021","Export","United States","nausa","3010000000"
"2021","Export","Australia","ocaus","210000000"
"2021","Export","New Zealand","ocnzl","82331165"
"2021","Export","Fiji","ocfji","25546"
"2021","Export","New Caledonia","ocncl","4303290"
"2021","Export","Papua New Guinea","ocpng","378926"
"2021","Export","Guam","ocgum","121376"
"2021","Export","Marshall Islands","ocmhl","891986"
"2021","Export","Nauru","ocnru","16523"
"2021","Export","Palau","ocplw","120100"
"2021","Export","French Polynesia","ocpyf","5458825"
"2021","Export","Argentina","saarg","89394675"
"2021","Export","Bolivia","sabol","4059806"
"2021","Export","Brazil","sabra","310000000"
"2021","Export","Chile","sachl","54300654"
"2021","Export","Colombia","sacol","99769784"
"2021","Export","Ecuador","saecu","20417395"
"2021","Export","Guyana","saguy","343932"
"2021","Export","Peru","saper","24067014"
"2021","Export","Paraguay","sapry","4232340"
"2021","Export","Suriname","sasur","105819"
"2021","Export","Uruguay","saury","16216542"
"2021","Export","Venezuela","saven","113674"
"2021","Import","Algeria","afdza","43342919"
"2021","Import","Egypt","afegy","290000000"
"2021","Import","Libya","aflby","13997775"
"2021","Import","Morocco","afmar","347000000"
"2021","Import","Sudan","afsdn","7986"
"2021","Import","Tunisia","aftun","219000000"
"2021","Import","Burundi","afbdi","759"
"2021","Import","Djibouti","afdji","933591"
"2021","Import","Ethiopia","afeth","308179"
"2021","Import","Kenya","afken","6582203"
"2021","Import","Madagascar","afmdg","1754619"
"2021","Import","Mozambique","afmoz","3809396"
"2021","Import","Mauritius","afmus","839720"
"2021","Import","Malawi","afmwi","57097"
"2021","Import","Rwanda","afrwa","158"
"2021","Import","Seychelles","afsyc","104286"
"2021","Import","Tanzania","aftza","5726198"
"2021","Import","Uganda","afuga","5054999"
"2021","Import","Angola","afago","213298"
"2021","Import","Cameroon","afcmr","1867176"
"2021","Import","Democratic Republic of the Congo","afcod","375759"
"2021","Import","Republic of the Congo","afcog","57718"
"2021","Import","Gabon","afgab","41434"
"2021","Import","Equatorial Guinea","afgnq","33709"
"2021","Import","Chad","aftcd","1675"
"2021","Import","Botswana","afbwa","727"
"2021","Import","Lesotho","aflso","39299"
"2021","Import","Namibia","afnam","136188"
"2021","Import","Eswatini","afswz","831563"
"2021","Import","South Africa","afzaf","94609289"
"2021","Import","Zambia","afzmb","34355"
"2021","Import","Zimbabwe","afzwe","6603873"
"2021","Import","Benin","afben","84794"
"2021","Import","Burkina Faso","afbfa","8363"
"2021","Import","Cote d'Ivoire","afciv","24533619"
"2021","Import","Cape Verde","afcpv","217793"
"2021","Import","Ghana","afgha","2616317"
"2021","Import","Guinea","afgin","172011"
"2021","Import","Liberia","aflbr","2373909"
"2021","Import","Mali","afmli","339"
"2021","Import","Mauritania","afmrt","852"
"2021","Import","Niger","afner","6638"
"2021","Import","Nigeria","afnga","4991912"
"2021","Import","Senegal","afsen","80814"
"2021","Import","Sierra Leone","afsle","67009811"
"2021","Import","Togo","aftgo","1772"
"2021","Import","Kazakhstan","askaz","1490000000"
"2021","Import","Kyrgyzstan","askgz","492322"
"2021","Import","Tajikistan","astjk","54"
"2021","Import","Turkmenistan","astkm","17122679"
"2021","Import","Uzbekistan","asuzb","7472408"
"2021","Import","China","aschn","6530000000"
"2021","Import","Hong Kong","ashkg","675000000"
"2021","Import","Japan","asjpn","455000000"
"2021","Import","South Korea","askor","553000000"
"2021","Import","Macau","asmac","13229448"
"2021","Import","Mongolia","asmng","16050"
"2021","Import","Chinese Taipei","astwn","311000000"
"2021","Import","Brunei","asbrn","2531"
"2021","Import","Indonesia","asidn","137000000"
"2021","Import","Cambodia","askhm","3835047"
"2021","Import","Burma","asmmr","3886154"
"2021","Import","Malaysia","asmys","164000000"
"2021","Import","Philippines","asphl","58010223"
"2021","Import","Singapore","assgp","105000000"
"2021","Import","Thailand","astha","258000000"
"2021","Import","Vietnam","asvnm","236000000"
"2021","Import","Afghanistan","asafg","556800"
"2021","Import","Bangladesh","asbgd","32752278"
"2021","Import","India","asind","609000000"
"2021","Import","Iran","asirn","76197627"
"2021","Import","Sri Lanka","aslka","13645207"
"2021","Import","Nepal","asnpl","304113"
"2021","Import","Pakistan","aspak","53703206"
"2021","Import","United Arab Emirates","asare","93905468"
"2021","Import","Armenia","asarm","161879"
"2021","Import","Azerbaijan","asaze","121000000"
"2021","Import","Bahrain","asbhr","1402235"
"2021","Import","Georgia","asgeo","151000000"
"2021","Import","Iraq","asirq","83484"
"2021","Import","Israel","asisr","179000000"
"2021","Import","Jordan","asjor","11544514"
"2021","Import","Kuwait","askwt","762311"
"2021","Import","Lebanon","aslbn","4769336"
"2021","Import","Oman","asomn","9522938"
"2021","Import","Palestine","aspse","3141"
"2021","Import","Qatar","asqat","10385196"
"2021","Import","Saudi Arabia","assau","14710811"
"2021","Import","Syria","assyr","1021933"
"2021","Import","Turkey","astur","5760000000"
"2021","Import","Cyprus","ascyp","51822847"
"2021","Import","Bulgaria","eubgr","4920000000"
"2021","Import","Belarus","eublr","126000000"
"2021","Import","Czechia","eucze","3280000000"
"2021","Import","Hungary","euhun","7890000000"
"2021","Import","Moldova","eumda","934000000"
"2021","Import","Poland","eupol","7310000000"
"2021","Import","Russia","eurus","3770000000"
"2021","Import","Slovakia","eusvk","2410000000"
"2021","Import","Ukraine","euukr","1540000000"
"2021","Import","Denmark","eudnk","513000000"
"2021","Import","Estonia","euest","71007611"
"2021","Import","Finland","eufin","200000000"
"2021","Import","United Kingdom","eugbr","1250000000"
"2021","Import","Ireland","euirl","577000000"
"2021","Import","Iceland","euisl","976560"
"2021","Import","Lithuania","eultu","211000000"
"2021","Import","Latvia","eulva","56836976"
"2021","Import","Norway","eunor","123000000"
"2021","Import","Sweden","euswe","601000000"
"2021","Import","Albania","eualb","37398251"
"2021","Import","Andorra","euand","194198"
"2021","Import","Bosnia and Herzegovina","eubih","133000000"
"2021","Import","Spain","euesp","2910000000"
"2021","Import","Gibraltar","eugib","10371"
"2021","Import","Greece","eugrc","1650000000"
"2021","Import","Croatia","euhrv","366000000"
"2021","Import","Italy","euita","10200000000"
"2021","Import","North Macedonia","eumkd","119000000"
"2021","Import","Malta","eumlt","84791646"
"2021","Import","Montenegro","eumne","5229053"
"2021","Import","Portugal","euprt","527000000"
"2021","Import","San Marino","eusmr","16777165"
"2021","Import","Serbia","eusrb","1320000000"
"2021","Import","Slovenia","eusvn","937000000"
"2021","Import","Austria","euaut","3710000000"
"2021","Import","Belgium","eubel","2840000000"
"2021","Import","Switzerland","euche","1670000000"
"2021","Import","Germany","eudeu","22600000000"
"2021","Import","France","eufra","5060000000"
"2021","Import","Luxembourg","eulux","148000000"
"2021","Import","Netherlands","eunld","4590000000"
"2021","Import","Antigua and Barbuda","naatg","26410"
"2021","Import","Bonaire","nabes","14795"
"2021","Import","Saint Barthélemy","nablm","949"
"2021","Import","Barbados","nabrb","3628"
"2021","Import","Cuba","nacub","10321718"
"2021","Import","Cayman Islands","nacym","353"
"2021","Import","Dominican Republic","nadom","951369"
"2021","Import","Haiti","nahti","1056"
"2021","Import","Jamaica","najam","22927"
"2021","Import","Turks and Caicos Islands","natca","611"
"2021","Import","Trinidad and Tobago","natto","19769"
"2021","Import","British Virgin Islands","navgb","260"
"2021","Import","Belize","nablz","6841088"
"2021","Import","Costa Rica","nacri","12840088"
"2021","Import","Guatemala","nagtm","5234907"
"2021","Import","Honduras","nahnd","456309"
"2021","Import","Mexico","namex","73555457"
"2021","Import","Nicaragua","nanic","1073557"
"2021","Import","Panama","napan","729784"
"2021","Import","El Salvador","naslv","6630"
"2021","Import","Bermuda","nabmu","256"
"2021","Import","Canada","nacan","138000000"
"2021","Import","United States","nausa","876000000"
"2021","Import","Australia","ocaus","52832831"
"2021","Import","New Zealand","ocnzl","7733274"
"2021","Import","Fiji","ocfji","134182"
"2021","Import","New Caledonia","ocncl","111"
"2021","Import","Papua New Guinea","ocpng","110978"
"2021","Import","Marshall Islands","ocmhl","3765"
"2021","Import","Northern Mariana Islands","ocmnp","57"
"2021","Import","French Polynesia","ocpyf","80066"
"2021","Import","Argentina","saarg","113000000"
"2021","Import","Bolivia","sabol","20002"
"2021","Import","Brazil","sabra","342000000"
"2021","Import","Chile","sachl","6515165"
"2021","Import","Colombia","sacol","13496068"
"2021","Import","Ecuador","saecu","8390033"
"2021","Import","Guyana","saguy","972878"
"2021","Import","Peru","saper","14831889"
"2021","Import","Paraguay","sapry","196816"
"2021","Import","Suriname","sasur","58336"
"2021","Import","Uruguay","saury","6192123"
"2021","Import","Venezuela","saven","1843810"
"2020","Export","Algeria","afdza","90569485"
"2020","Export","Egypt","afegy","438000000"
"2020","Export","Libya","aflby","99885209"
"2020","Export","Morocco","afmar","628000000"
"2020","Export","Sudan","afsdn","77598603"
"2020","Export","Tunisia","aftun","162000000"
"2020","Export","Burundi","afbdi","535797"
"2020","Export","Comoros","afcom","252003"
"2020","Export","Djibouti","afdji","9031827"
"2020","Export","Ethiopia","afeth","15751431"
"2020","Export","Kenya","afken","12207413"
"2020","Export","Madagascar","afmdg","1293320"
"2020","Export","Mozambique","afmoz","2394115"
"2020","Export","Mauritius","afmus","2560886"
"2020","Export","Malawi","afmwi","211112"
"2020","Export","Rwanda","afrwa","123527"
"2020","Export","Somalia","afsom","177815"
"2020","Export","South Sudan","afssd","80241"
"2020","Export","Seychelles","afsyc","36739"
"2020","Export","Tanzania","aftza","5008589"
"2020","Export","Uganda","afuga","1101149"
"2020","Export","Angola","afago","3491019"
"2020","Export","Central African Republic","afcaf","138050"
"2020","Export","Cameroon","afcmr","6964044"
"2020","Export","Democratic Republic of the Congo","afcod","36909"
"2020","Export","Republic of the Congo","afcog","7352687"
"2020","Export","Gabon","afgab","6873533"
"2020","Export","Equatorial Guinea","afgnq","76690"
"2020","Export","Chad","aftcd","286351"
"2020","Export","Botswana","afbwa","2251650"
"2020","Export","Lesotho","aflso","1042"
"2020","Export","Namibia","afnam","12736858"
"2020","Export","Eswatini","afswz","379867"
"2020","Export","South Africa","afzaf","245000000"
"2020","Export","Zambia","afzmb","384467"
"2020","Export","Zimbabwe","afzwe","10157"
"2020","Export","Benin","afben","586496"
"2020","Export","Burkina Faso","afbfa","2911601"
"2020","Export","Cote d'Ivoire","afciv","9416584"
"2020","Export","Cape Verde","afcpv","1551535"
"2020","Export","Ghana","afgha","3608467"
"2020","Export","Guinea","afgin","892331"
"2020","Export","Gambia","afgmb","378814"
"2020","Export","Guinea-Bissau","afgnb","4363"
"2020","Export","Liberia","aflbr","45464895"
"2020","Export","Mali","afmli","587169"
"2020","Export","Mauritania","afmrt","522279"
"2020","Export","Niger","afner","457903"
"2020","Export","Nigeria","afnga","40977341"
"2020","Export","Senegal","afsen","7838931"
"2020","Export","Sierra Leone","afsle","614789"
"2020","Export","Togo","aftgo","4935229"
"2020","Export","Kazakhstan","askaz","78521727"
"2020","Export","Kyrgyzstan","askgz","2908172"
"2020","Export","Tajikistan","astjk","566563"
"2020","Export","Turkmenistan","astkm","4935165"
"2020","Export","Uzbekistan","asuzb","18747369"
"2020","Export","China","aschn","1640000000"
"2020","Export","Hong Kong","ashkg","87007771"
"2020","Export","Japan","asjpn","892000000"
"2020","Export","South Korea","askor","502000000"
"2020","Export","Macau","asmac","3273330"
"2020","Export","Mongolia","asmng","6229888"
"2020","Export","Chinese Taipei","astwn","109000000"
"2020","Export","Brunei","asbrn","2993695"
"2020","Export","Indonesia","asidn","47811125"
"2020","Export","Cambodia","askhm","2316885"
"2020","Export","Laos","aslao","1737666"
"2020","Export","Burma","asmmr","10557660"
"2020","Export","Malaysia","asmys","47476952"
"2020","Export","Philippines","asphl","119000000"
"2020","Export","Singapore","assgp","119000000"
"2020","Export","Thailand","astha","125000000"
"2020","Export","Timor-Leste","astls","5972"
"2020","Export","Vietnam","asvnm","70523388"
"2020","Export","Afghanistan","asafg","177328"
"2020","Export","Bangladesh","asbgd","20444258"
"2020","Export","Bhutan","asbtn","734"
"2020","Export","India","asind","212000000"
"2020","Export","Iran","asirn","64259401"
"2020","Export","Sri Lanka","aslka","3813981"
"2020","Export","Maldives","asmdv","146475"
"2020","Export","Nepal","asnpl","3668788"
"2020","Export","Pakistan","aspak","73776053"
"2020","Export","United Arab Emirates","asare","393000000"
"2020","Export","Armenia","asarm","13768105"
"2020","Export","Azerbaijan","asaze","70752385"
"2020","Export","Bahrain","asbhr","26391189"
"2020","Export","Georgia","asgeo","123000000"
"2020","Export","Iraq","asirq","58509885"
"2020","Export","Israel","asisr","409000000"
"2020","Export","Jordan","asjor","504000000"
"2020","Export","Kuwait","askwt","78101844"
"2020","Export","Lebanon","aslbn","231000000"
"2020","Export","Oman","asomn","21647265"
"2020","Export","Palestine","aspse","2238492"
"2020","Export","Qatar","asqat","83375427"
"2020","Export","Saudi Arabia","assau","448000000"
"2020","Export","Syria","assyr","27784368"
"2020","Export","Turkey","astur","2730000000"
"2020","Export","Yemen","asyem","10008562"
"2020","Export","Cyprus","ascyp","103000000"
"2020","Export","Bulgaria","eubgr","2500000000"
"2020","Export","Belarus","eublr","51367308"
"2020","Export","Czechia","eucze","2320000000"
"2020","Export","Hungary","euhun","2970000000"
"2020","Export","Moldova","eumda","807000000"
"2020","Export","Poland","eupol","2660000000"
"2020","Export","Russia","eurus","1200000000"
"2020","Export","Slovakia","eusvk","1540000000"
"2020","Export","Ukraine","euukr","748000000"
"2020","Export","Denmark","eudnk","322000000"
"2020","Export","Estonia","euest","64013643"
"2020","Export","Finland","eufin","301000000"
"2020","Export","United Kingdom","eugbr","2180000000"
"2020","Export","Ireland","euirl","146000000"
"2020","Export","Iceland","euisl","10348086"
"2020","Export","Lithuania","eultu","128000000"
"2020","Export","Latvia","eulva","63196111"
"2020","Export","Norway","eunor","637000000"
"2020","Export","Sweden","euswe","552000000"
"2020","Export","Albania","eualb","61844888"
"2020","Export","Andorra","euand","1965779"
"2020","Export","Bosnia and Herzegovina","eubih","108000000"
"2020","Export","Spain","euesp","2090000000"
"2020","Export","Gibraltar","eugib","169000000"
"2020","Export","Greece","eugrc","767000000"
"2020","Export","Croatia","euhrv","302000000"
"2020","Export","Italy","euita","7040000000"
"2020","Export","North Macedonia","eumkd","229000000"
"2020","Export","Malta","eumlt","14225475"
"2020","Export","Montenegro","eumne","26184627"
"2020","Export","Portugal","euprt","305000000"
"2020","Export","San Marino","eusmr","16079295"
"2020","Export","Serbia","eusrb","746000000"
"2020","Export","Slovenia","eusvn","531000000"
"2020","Export","Austria","euaut","1900000000"
"2020","Export","Belgium","eubel","1350000000"
"2020","Export","Switzerland","euche","903000000"
"2020","Export","Germany","eudeu","15700000000"
"2020","Export","France","eufra","4160000000"
"2020","Export","Luxembourg","eulux","38275369"
"2020","Export","Netherlands","eunld","2380000000"
"2020","Export","Aruba","naabw","545"
"2020","Export","Antigua and Barbuda","naatg","4330"
"2020","Export","Bonaire","nabes","820"
"2020","Export","Bahamas","nabhs","65491"
"2020","Export","Saint Barthélemy","nablm","191"
"2020","Export","Barbados","nabrb","1151"
"2020","Export","Cuba","nacub","834186"
"2020","Export","Curaçao","nacuw","74986"
"2020","Export","Cayman Islands","nacym","758"
"2020","Export","Dominica","nadma","16146"
"2020","Export","Dominican Republic","nadom","4850418"
"2020","Export","Haiti","nahti","126007"
"2020","Export","Jamaica","najam","401435"
"2020","Export","Saint Lucia","nalca","8771"
"2020","Export","Saint Martin","namaf","8784"
"2020","Export","Montserrat","namsr","107039"
"2020","Export","Trinidad and Tobago","natto","3632696"
"2020","Export","Saint Vincent and the Grenadines","navct","52798"
"2020","Export","British Virgin Islands","navgb","27171"
"2020","Export","Belize","nablz","105395"
"2020","Export","Costa Rica","nacri","3696702"
"2020","Export","Guatemala","nagtm","1558185"
"2020","Export","Honduras","nahnd","1544360"
"2020","Export","Mexico","namex","208000000"
"2020","Export","Nicaragua","nanic","503084"
"2020","Export","Panama","napan","4216768"
"2020","Export","El Salvador","naslv","1265249"
"2020","Export","Bermuda","nabmu","36868"
"2020","Export","Canada","nacan","316000000"
"2020","Export","Greenland","nagrl","740"
"2020","Export","Saint Pierre and Miquelon","naspm","107245"
"2020","Export","United States","nausa","2140000000"
"2020","Export","Australia","ocaus","170000000"
"2020","Export","New Zealand","ocnzl","69746214"
"2020","Export","Fiji","ocfji","3883"
"2020","Export","New Caledonia","ocncl","8022720"
"2020","Export","Papua New Guinea","ocpng","583820"
"2020","Export","Guam","ocgum","9132"
"2020","Export","Marshall Islands","ocmhl","3145"
"2020","Export","Northern Mariana Islands","ocmnp","1684"
"2020","Export","French Polynesia","ocpyf","4793598"
"2020","Export","Tonga","octon","13246"
"2020","Export","Argentina","saarg","54164060"
"2020","Export","Bolivia","sabol","2229505"
"2020","Export","Brazil","sabra","252000000"
"2020","Export","Chile","sachl","46287068"
"2020","Export","Colombia","sacol","107000000"
"2020","Export","Ecuador","saecu","10295089"
"2020","Export","Guyana","saguy","146343"
"2020","Export","Peru","saper","20031408"
"2020","Export","Paraguay","sapry","2555718"
"2020","Export","Suriname","sasur","43525"
"2020","Export","Uruguay","saury","10817510"
"2020","Export","Venezuela","saven","88124"
"2020","Import","Algeria","afdza","4294738"
"2020","Import","Egypt","afegy","123000000"
"2020","Import","Libya","aflby","5641530"
"2020","Import","Morocco","afmar","249000000"
"2020","Import","Sudan","afsdn","340135"
"2020","Import","Tunisia","aftun","72567991"
"2020","Import","Burundi","afbdi","247769"
"2020","Import","Djibouti","afdji","3193"
"2020","Import","Ethiopia","afeth","846459"
"2020","Import","Kenya","afken","4913193"
"2020","Import","Madagascar","afmdg","715362"
"2020","Import","Mozambique","afmoz","2542921"
"2020","Import","Mauritius","afmus","3323304"
"2020","Import","Malawi","afmwi","2611891"
"2020","Import","Rwanda","afrwa","231465"
"2020","Import","Seychelles","afsyc","177449"
"2020","Import","Tanzania","aftza","5919689"
"2020","Import","Uganda","afuga","5508224"
"2020","Import","Angola","afago","81735"
"2020","Import","Cameroon","afcmr","830890"
"2020","Import","Democratic Republic of the Congo","afcod","1348639"
"2020","Import","Republic of the Congo","afcog","975"
"2020","Import","Gabon","afgab","483493"
"2020","Import","Sao Tome and Principe","afstp","4268"
"2020","Import","Chad","aftcd","236280"
"2020","Import","Botswana","afbwa","247"
"2020","Import","Lesotho","aflso","304"
"2020","Import","Namibia","afnam","37253"
"2020","Import","Eswatini","afswz","242330"
"2020","Import","South Africa","afzaf","58448362"
"2020","Import","Zambia","afzmb","217943"
"2020","Import","Zimbabwe","afzwe","5682258"
"2020","Import","Benin","afben","9493"
"2020","Import","Burkina Faso","afbfa","2015"
"2020","Import","Cote d'Ivoire","afciv","13141182"
"2020","Import","Cape Verde","afcpv","76541"
"2020","Import","Ghana","afgha","648277"
"2020","Import","Guinea","afgin","672946"
"2020","Import","Liberia","aflbr","1202995"
"2020","Import","Mali","afmli","10804"
"2020","Import","Mauritania","afmrt","54636"
"2020","Import","Niger","afner","189906"
"2020","Import","Nigeria","afnga","2736003"
"2020","Import","Senegal","afsen","6882"
"2020","Import","Saint Helena","afshn","22846"
"2020","Import","Sierra Leone","afsle","43803419"
"2020","Import","Kazakhstan","askaz","1280000000"
"2020","Import","Kyrgyzstan","askgz","1307744"
"2020","Import","Turkmenistan","astkm","92717827"
"2020","Import","Uzbekistan","asuzb","2485989"
"2020","Import","China","aschn","5800000000"
"2020","Import","Hong Kong","ashkg","43157328"
"2020","Import","Japan","asjpn","348000000"
"2020","Import","South Korea","askor","577000000"
"2020","Import","Macau","asmac","558681"
"2020","Import","Mongolia","asmng","27778"
"2020","Import","Chinese Taipei","astwn","237000000"
"2020","Import","Brunei","asbrn","99"
"2020","Import","Indonesia","asidn","137000000"
"2020","Import","Cambodia","askhm","3545584"
"2020","Import","Laos","aslao","181528"
"2020","Import","Burma","asmmr","9218095"
"2020","Import","Malaysia","asmys","176000000"
"2020","Import","Philippines","asphl","29699621"
"2020","Import","Singapore","assgp","60838693"
"2020","Import","Thailand","astha","209000000"
"2020","Import","Vietnam","asvnm","227000000"
"2020","Import","Afghanistan","asafg","453703"
"2020","Import","Bangladesh","asbgd","37501008"
"2020","Import","India","asind","378000000"
"2020","Import","Iran","asirn","35894452"
"2020","Import","Sri Lanka","aslka","13199549"
"2020","Import","Nepal","asnpl","125864"
"2020","Import","Pakistan","aspak","36797548"
"2020","Import","United Arab Emirates","asare","50667342"
"2020","Import","Armenia","asarm","140685"
"2020","Import","Azerbaijan","asaze","103000000"
"2020","Import","Bahrain","asbhr","4020596"
"2020","Import","Georgia","asgeo","22544441"
"2020","Import","Iraq","asirq","144000000"
"2020","Import","Israel","asisr","167000000"
"2020","Import","Jordan","asjor","15476404"
"2020","Import","Kuwait","askwt","308042"
"2020","Import","Lebanon","aslbn","2533759"
"2020","Import","Oman","asomn","4618462"
"2020","Import","Palestine","aspse","22063"
"2020","Import","Qatar","asqat","4163822"
"2020","Import","Saudi Arabia","assau","13040278"
"2020","Import","Syria","assyr","2874720"
"2020","Import","Turkey","astur","4060000000"
"2020","Import","Cyprus","ascyp","42761131"
"2020","Import","Bulgaria","eubgr","2920000000"
"2020","Import","Belarus","eublr","111000000"
"2020","Import","Czechia","eucze","2990000000"
"2020","Import","Hungary","euhun","6710000000"
"2020","Import","Moldova","eumda","803000000"
"2020","Import","Poland","eupol","5770000000"
"2020","Import","Russia","eurus","2190000000"
"2020","Import","Slovakia","eusvk","2190000000"
"2020","Import","Ukraine","euukr","1080000000"
"2020","Import","Denmark","eudnk","472000000"
"2020","Import","Estonia","euest","60517386"
"2020","Import","Finland","eufin","177000000"
"2020","Import","United Kingdom","eugbr","1580000000"
"2020","Import","Ireland","euirl","531000000"
"2020","Import","Iceland","euisl","1351784"
"2020","Import","Lithuania","eultu","141000000"
"2020","Import","Latvia","eulva","48567486"
"2020","Import","Norway","eunor","96033149"
"2020","Import","Sweden","euswe","494000000"
"2020","Import","Albania","eualb","33802463"
"2020","Import","Andorra","euand","158493"
"2020","Import","Bosnia and Herzegovina","eubih","101000000"
"2020","Import","Spain","euesp","2290000000"
"2020","Import","Gibraltar","eugib","3144"
"2020","Import","Greece","eugrc","1280000000"
"2020","Import","Croatia","euhrv","311000000"
"2020","Import","Italy","euita","8210000000"
"2020","Import","North Macedonia","eumkd","124000000"
"2020","Import","Malta","eumlt","29774298"
"2020","Import","Montenegro","eumne","1439366"
"2020","Import","Portugal","euprt","547000000"
"2020","Import","San Marino","eusmr","14799773"
"2020","Import","Serbia","eusrb","1320000000"
"2020","Import","Slovenia","eusvn","689000000"
"2020","Import","Austria","euaut","2930000000"
"2020","Import","Belgium","eubel","2290000000"
"2020","Import","Switzerland","euche","1190000000"
"2020","Import","Germany","eudeu","18800000000"
"2020","Import","France","eufra","4320000000"
"2020","Import","Luxembourg","eulux","114000000"
"2020","Import","Netherlands","eunld","3560000000"
"2020","Import","Antigua and Barbuda","naatg","280"
"2020","Import","Barbados","nabrb","110271"
"2020","Import","Cuba","nacub","7048924"
"2020","Import","Curaçao","nacuw","784"
"2020","Import","Dominica","nadma","142"
"2020","Import","Dominican Republic","nadom","1006272"
"2020","Import","Haiti","nahti","23396"
"2020","Import","Saint Lucia","nalca","4311"
"2020","Import","Montserrat","namsr","892"
"2020","Import","Trinidad and Tobago","natto","58440"
"2020","Import","Belize","nablz","798"
"2020","Import","Costa Rica","nacri","9205539"
"2020","Import","Guatemala","nagtm","5680969"
"2020","Import","Honduras","nahnd","1041242"
"2020","Import","Mexico","namex","85428664"
"2020","Import","Nicaragua","nanic","436619"
"2020","Import","Panama","napan","3599730"
"2020","Import","El Salvador","naslv","83249"
"2020","Import","Canada","nacan","105000000"
"2020","Import","United States","nausa","1040000000"
"2020","Import","Australia","ocaus","23569128"
"2020","Import","New Zealand","ocnzl","4885100"
"2020","Import","Fiji","ocfji","93"
"2020","Import","Papua New Guinea","ocpng","901299"
"2020","Import","French Polynesia","ocpyf","516"
"2020","Import","Argentina","saarg","73318732"
"2020","Import","Bolivia","sabol","131712"
"2020","Import","Brazil","sabra","302000000"
"2020","Import","Chile","sachl","11307645"
"2020","Import","Colombia","sacol","11618948"
"2020","Import","Ecuador","saecu","8284451"
"2020","Import","Guyana","saguy","395495"
"2020","Import","Peru","saper","15836501"
"2020","Import","Paraguay","sapry","311742"
"2020","Import","Suriname","sasur","1814"
"2020","Import","Uruguay","saury","4416744"
"2020","Import","Venezuela","saven","4970774"